Team,Year,GP,OFFRTG,W,Min,PACE,Passes Made,passes_made_100,Ast,Ast p100,Secondary Ast,secondary_ast_100,Potential Ast,potential_ast_100,Ast Adj,Ast Adj p100,Ast to Pass %,Ast to Pass % Adj,Pts,Touches,touches_100,ToP,Avg Sec/Touch,avg_dribbles_touch_100,Dribbles,dribbles_100,Pts/Touch,Post Ups,post_ups_100,Pts/Post Touch,Drives,drives_100,FGA Drives,FTA Drives,PTS Drives,PASS Drives,PASS Drives p100,drives_pass_rate,AST,AST%,DIST. FEET,DIST. MILES,dist_miles_off,DIST. MILES OFF p100,DIST. MILES DEF,AVG SPEED,AVG SPEED OFF,AVG SPEED DEF,play_style_clusters
Atlanta Hawks,2017-18,69,103.2,20,240.4,100.39,332,330.7,23.8,23.7,2.6,2.6,46,45.8,27.1,27,7.2,8.2,103.9,452.6,450.8,20.8,2.76,1.91,864.466,861.1,0.23,2.1,2.1,0.49,47.1,46.9,20.4,6.3,23.1,14.1,14,29.8,4.5,9.5,92569.6,17.53,9.48,9.4,8.05,4.4,4.75,4.06,Moderate
Boston Celtics,2017-18,68,105.7,46,241.9,98.33,302.1,307.2,22.6,23,3.1,3.2,42.9,43.6,26.5,27,7.5,8.8,104.6,420.1,427.2,21.1,3.02,2.21,928.421,944.2,0.249,12.5,12.7,0.497,38.2,38.8,17.6,5.4,21.2,11.1,11.3,29,3.4,9,90122.3,17.07,9.09,9.2,7.97,4.25,4.51,3.98,Isolation
Brooklyn Nets,2017-18,68,103.5,21,242.3,101.02,326.6,323.3,23.2,23,2.6,2.6,47.4,46.9,26.8,26.5,7.1,8.2,106.2,448.4,443.9,21.3,2.85,2.01,901.284,892.2,0.237,7.2,7.1,0.513,49.6,49.1,20,6.6,23.9,16.6,16.4,33.5,5.1,10.4,91833.9,17.39,9.56,9.5,7.83,4.33,4.67,3.97,Moderate
Charlotte Hornets,2017-18,69,106.2,30,241.1,100.46,284.8,283.5,21.5,21.4,3.1,3.1,42.2,42,25.8,25.7,7.6,9.1,107.3,405.3,403.4,20.9,3.09,2.35,952.455,948.1,0.265,13.3,13.2,0.56,37.1,36.9,18.4,6.1,22.3,10,10,26.8,3.1,8.5,92179.8,17.46,9.51,9.5,7.95,4.36,4.68,4.03,Isolation
Chicago Bulls,2017-18,68,101.9,24,242.6,100.19,299.6,299,23.5,23.5,2.6,2.6,46,45.9,27,26.9,7.8,9,103.6,419.6,418.8,19.9,2.85,2.13,893.748,892.1,0.247,11.3,11.3,0.514,41.5,41.4,17.8,4.9,19.1,13.6,13.6,32.7,4.1,9.9,94842.4,17.96,9.56,9.5,8.4,4.47,4.89,4.06,Moderate
Cleveland Cavaliers,2017-18,68,109.9,39,240.7,100.15,275.6,275.2,23.5,23.5,3.1,3.1,44.6,44.5,27.6,27.6,8.5,10,110.2,394.9,394.3,20.4,3.09,2.2,868.78,867.5,0.279,11.8,11.8,0.492,33.4,33.3,15,5.6,20.2,9.3,9.3,27.8,2.9,8.8,89104.2,16.88,8.83,8.8,8.05,4.22,4.46,3.99,Moderate
Dallas Mavericks,2017-18,68,104.4,22,241.1,97.51,304.7,312.5,22.6,23.2,3.2,3.3,43.1,44.2,26.6,27.3,7.4,8.7,102.4,421.4,432.2,21.9,3.12,2.43,1024.002,1050.2,0.243,11.3,11.6,0.487,41.9,43,18.1,4.6,19.9,12.7,13,30.4,4.6,11.1,90653.8,17.17,9.47,9.7,7.7,4.29,4.58,3.98,Isolation
Denver Nuggets,2017-18,69,109.1,38,241.1,99.36,299.8,301.7,24.8,25,3,3,43.5,43.8,28.3,28.5,8.3,9.4,108.9,419.4,422.1,20.6,2.95,2.12,889.128,894.9,0.26,13.4,13.5,0.474,42.2,42.5,19.5,5.5,23.2,12.7,12.8,30.1,3.5,8.2,88707,16.8,9.1,9.2,7.7,4.26,4.6,3.92,Moderate
Detroit Pistons,2017-18,68,104,30,241.1,98.44,304.3,309.1,22.6,23,2.8,2.8,44.4,45.1,26,26.4,7.4,8.5,102.9,424.4,431.1,20.8,2.94,2.19,929.436,944.2,0.242,7.9,8,0.54,44.7,45.4,19.8,5.6,21.5,14.3,14.5,32.1,4,8.8,93599.6,17.73,9.58,9.7,8.14,4.43,4.78,4.09,Moderate
Golden State Warriors,2017-18,68,113.7,52,240.7,102.47,319.8,312.1,30.1,29.4,4.8,4.7,51.6,50.4,36.2,35.3,9.4,11.3,115.7,440.9,430.3,19.3,2.63,1.79,789.211,770.2,0.262,16.9,16.5,0.356,23.5,22.9,10,3.9,13.5,7,6.8,29.6,2.3,9.7,90049.3,17.05,8.91,8.7,8.14,4.29,4.72,3.89,Ball Movement
Houston Rockets,2017-18,68,113.2,54,240.7,100.06,255.3,255.1,21.7,21.7,2.1,2.1,43.5,43.5,25.1,25.1,8.5,9.8,113.5,374.9,374.7,20.7,3.31,2.54,952.246,951.7,0.303,4.7,4.7,0.498,42,42,17.1,7.1,23.7,12.6,12.6,30,4.7,11.3,85115,16.12,8.5,8.5,7.62,4.03,4.27,3.8,Isolation
Indiana Pacers,2017-18,69,107.2,40,240.7,98.52,297,301.5,22,22.3,2.4,2.4,42.6,43.2,25.2,25.6,7.4,8.5,105.8,415.8,422,20.7,2.98,2.31,960.498,974.9,0.255,10.1,10.3,0.582,38,38.6,16.6,4.7,20.7,12.2,12.4,32,3.6,9.5,92017.5,17.43,9.12,9.3,8.31,4.37,4.62,4.12,Isolation
LA Clippers,2017-18,67,107.8,37,240.4,101.2,297.3,293.8,22.3,22,3,3,40,39.5,26.7,26.4,7.5,9,109.2,421.9,416.9,20.6,2.92,2.14,902.866,892.2,0.259,9.6,9.5,0.498,42.2,41.7,19.4,6.5,23.6,11.7,11.6,27.8,4,9.5,90402,17.12,8.98,8.9,8.15,4.24,4.53,3.96,Isolation
Los Angeles Lakers,2017-18,68,104.2,31,242.6,103.24,282.4,273.5,24,23.2,2.7,2.6,46,44.6,27.3,26.4,8.5,9.7,108.7,406.1,393.4,19.9,2.94,2.06,836.566,810.3,0.268,12.5,12.1,0.456,41.2,39.9,18.1,5.6,21,11.8,11.4,28.6,4.1,10,92109,17.44,9.17,8.9,8.27,4.4,4.8,4.02,Moderate
Memphis Grizzlies,2017-18,68,101.6,18,240.4,96.9,322.9,333.2,21.4,22.1,3.4,3.5,42.8,44.2,25.8,26.6,6.6,8,98.7,440.9,455,21.5,2.93,2.06,908.254,937.3,0.224,13.4,13.8,0.438,40.9,42.2,17.7,6.2,21.6,12.3,12.7,30.1,3.6,8.8,88795.4,16.82,9.13,9.4,7.69,4.23,4.49,3.96,Moderate
Miami Heat,2017-18,69,104.4,36,241.8,97.52,303.1,310.8,22.5,23.1,2.8,2.9,46.9,48.1,25.9,26.6,7.4,8.6,102.6,423.6,434.4,21.9,3.1,2.31,978.516,1003.4,0.242,9.9,10.2,0.398,47.4,48.6,19.3,4.9,22.6,16.2,16.6,34.1,4.6,9.7,92190.1,17.46,9.49,9.7,7.97,4.35,4.6,4.08,Moderate
Milwaukee Bucks,2017-18,68,107.3,36,241.5,98.01,283.5,289.3,22.4,22.9,2.8,2.9,42.1,43,26.4,26.9,7.9,9.3,105.2,399.2,407.3,20.1,3.01,2.25,898.2,916.4,0.264,7.4,7.6,0.501,44.5,45.4,16.8,5.9,21.9,16.4,16.7,36.9,4.2,9.5,89182.5,16.89,8.67,8.8,8.22,4.23,4.5,3.98,Isolation
Minnesota Timberwolves,2017-18,69,111.3,40,241.5,98.12,287.4,292.9,22.7,23.1,2.4,2.4,41.3,42.1,26.5,27,7.9,9.2,109.7,406.6,414.4,21.8,3.22,2.39,971.774,990.4,0.27,15.1,15.4,0.636,39.9,40.7,18.5,6.2,23.6,11.2,11.4,28.1,3.9,9.7,87913.4,16.65,8.9,9.1,7.75,4.15,4.29,4,Isolation
New Orleans Pelicans,2017-18,68,107.5,39,244,102.67,312.9,304.8,26.5,25.8,3,2.9,47.9,46.7,30.4,29.6,8.5,9.7,111.9,440.3,428.8,20.2,2.75,1.96,862.988,840.5,0.254,13.2,12.9,0.525,43.2,42.1,18.6,4.5,22.8,13.5,13.1,31.3,4.6,10.6,91277.3,17.29,9.08,8.8,8.21,4.24,4.6,3.89,Moderate
New York Knicks,2017-18,69,103.9,24,241.8,99.06,319,322,22.9,23.1,2.9,2.9,44.5,44.9,26.4,26.7,7.2,8.3,103.9,440.8,445,21.2,2.88,2,881.6,890,0.236,17.3,17.5,0.564,32.7,33,15.7,4.1,17,9.1,9.2,27.7,2.8,8.6,92226.5,17.47,9.37,9.5,8.1,4.37,4.64,4.09,Moderate
Oklahoma City Thunder,2017-18,70,107.1,41,241.8,98.9,254.8,257.6,21.3,21.5,2.4,2.4,42.5,43,24.8,25.1,8.4,9.7,107.2,377.5,381.7,20.3,3.23,2.49,939.975,950.4,0.284,8.6,8.7,0.608,39.1,39.5,15,6,19.4,12.5,12.6,32.1,4.3,11.1,88543.8,16.77,8.65,8.7,8.12,4.17,4.45,3.92,Isolation
Orlando Magic,2017-18,69,104.2,21,240.7,100.43,290.3,289.1,23.5,23.4,2.2,2.2,45.2,45,26.5,26.4,8.1,9.1,105,409.3,407.5,20.7,3.03,2.34,957.762,953.7,0.256,9.6,9.6,0.426,47.9,47.7,19.7,6.1,23.3,16,15.9,33.5,4.7,9.7,91182.9,17.27,9.23,9.2,8.04,4.34,4.68,4.01,Isolation
Philadelphia 76ers,2017-18,67,106.2,37,241.5,101.39,347,342.2,26,25.6,3.5,3.5,50.7,50,30.7,30.3,7.5,8.9,108,471.2,464.7,20.4,2.6,1.71,805.752,794.7,0.229,18.9,18.6,0.529,40.2,39.6,16.3,3.7,17.4,14.5,14.3,36,3.8,9.4,93652.9,17.74,9.54,9.4,8.2,4.42,4.84,4.02,Ball Movement
Phoenix Suns,2017-18,70,101.1,19,240.4,102.79,292,284.1,21,20.4,2.3,2.2,44.1,42.9,24.9,24.2,7.2,8.5,104.3,416.1,404.8,20.6,2.97,2.25,936.225,910.8,0.251,9.5,9.2,0.409,41.2,40.1,20.2,5.7,22,10.7,10.4,26.1,3.4,8.3,92111.5,17.45,9.37,9.1,8.08,4.37,4.74,4.01,Isolation
Portland Trail Blazers,2017-18,68,106.1,42,241.1,98.96,271.3,274.2,19.3,19.5,2,2,39.6,40,22.1,22.3,7.1,8.1,105.9,390.6,394.7,22.2,3.41,2.62,1023.372,1034.1,0.271,9.3,9.4,0.483,36.1,36.5,17.9,5.4,20.1,9.3,9.4,25.9,2.7,7.6,90642.8,17.17,9.47,9.6,7.7,4.31,4.59,4,Isolation
Sacramento Kings,2017-18,69,101.7,22,241.1,97.29,316.9,325.7,21.4,22,2.8,2.9,42.2,43.4,24.7,25.4,6.7,7.8,99.6,435.4,447.5,21.3,2.93,2.06,896.924,921.9,0.229,16.5,17,0.492,35.7,36.7,16.4,4.2,17.8,10.6,10.9,29.6,3.3,9.3,91597.6,17.35,9.37,9.6,7.98,4.35,4.62,4.07,Isolation
San Antonio Spurs,2017-18,69,105,39,240,97.31,312.6,321.2,22.9,23.5,4,4.1,43.1,44.3,27.8,28.6,7.3,8.9,102.2,430.4,442.3,21.2,2.96,2.25,968.4,995.2,0.237,19,19.5,0.558,43.6,44.8,17.5,4.3,20,16,16.4,36.8,4.1,9.3,93362.2,17.68,9.72,10,7.96,4.44,4.76,4.1,Moderate
Toronto Raptors,2017-18,68,111.3,51,241.5,100.12,299.1,298.7,23.9,23.9,3.2,3.2,46.2,46.1,27.8,27.8,8,9.3,112.2,420.7,420.2,21,3,2.25,946.575,945.4,0.267,5.5,5.5,0.651,52.5,52.4,20.2,6.2,25.3,19.1,19.1,36.5,5.4,10.3,93412.5,17.69,9.53,9.5,8.16,4.41,4.77,4.06,Moderate
Utah Jazz,2017-18,69,105.5,39,240.7,97.56,321.9,330,21.8,22.3,2.8,2.9,43,44.1,25.7,26.3,6.8,8,103.1,440.7,451.7,21.6,2.94,2.22,978.354,1002.8,0.234,4,4.1,0.323,52.8,54.1,20.1,5.6,22.8,18.7,19.2,35.4,5.8,11,91168,17.27,9.5,9.7,7.77,4.34,4.63,4.03,Isolation
Washington Wizards,2017-18,69,107.4,39,242.5,99.05,291.7,294.5,24.8,25,3.3,3.3,47.2,47.7,28.7,29,8.5,9.8,107.5,411.8,415.7,21.3,3.1,2.33,959.494,968.7,0.261,8,8.1,0.59,36.6,37,16.1,5.3,19.6,10.6,10.7,29,3.5,9.6,90148.6,17.07,9.05,9.1,8.03,4.26,4.48,4.03,Moderate
Atlanta Hawks,2016-17,82,102.3,43,242.4,99.83,310,310.5,23.6,23.6,3.2,3.2,46.8,46.9,28.9,28.9,7.6,9.3,103.2,431.2,431.9,20.4,2.85,2.06,888.272,889.8,0.239,10.8,10.8,0.527,40.6,40.7,17.5,5.5,20,13,13,32,3.4,8.3,90044.3,17.05,9.03,9,8.03,4.24,4.58,3.91,Moderate
Boston Celtics,2016-17,82,108.6,53,240.9,99.32,324.6,326.8,25.2,25.4,3.6,3.6,49.2,49.5,30.7,30.9,7.8,9.5,108,442.4,445.4,20.5,2.78,2.07,915.768,922,0.244,12,12.1,0.485,37.4,37.7,15.6,5.8,20.3,11.9,12,31.9,3.7,9.8,88655.9,16.79,8.91,9,7.88,4.19,4.48,3.91,Ball Movement
Brooklyn Nets,2016-17,82,101.9,20,240.9,103.58,311,300.3,21.4,20.7,2.5,2.4,45.4,43.8,25.9,25,6.9,8.3,105.8,433.3,418.3,19.9,2.76,2.07,896.931,865.9,0.244,15.5,15,0.478,46.3,44.7,18.5,7.6,23.5,15.5,15,33.6,3.6,7.8,92020,17.43,9.28,9,8.15,4.35,4.74,3.98,Isolation
Charlotte Hornets,2016-17,82,106.4,36,241.8,97.85,291.2,297.6,23.1,23.6,3.4,3.5,47.8,48.9,29.1,29.7,7.9,10,104.9,408.1,417.1,20.7,3.04,2.4,979.44,1001,0.257,8.5,8.7,0.563,36.7,37.5,17.7,5.2,20.5,10.9,11.1,29.7,3.1,8.4,92157.4,17.45,9.59,9.8,7.86,4.34,4.7,3.97,Moderate
Chicago Bulls,2016-17,82,104.6,41,241.2,97.72,304.5,311.6,22.6,23.1,2.5,2.6,45.2,46.3,27.1,27.7,7.4,8.9,102.9,424,433.9,20.9,2.95,2.13,903.12,924.2,0.243,14.7,15,0.527,41.2,42.2,16.3,5.7,19.9,14.3,14.6,34.7,4.5,11,89810.2,17.01,9.18,9.4,7.83,4.24,4.51,3.96,Moderate
Cleveland Cavaliers,2016-17,82,110.9,51,242.4,98.38,275.3,279.8,22.7,23.1,3.4,3.5,45.1,45.8,28.3,28.8,8.2,10.3,110.3,394.3,400.8,20.9,3.19,2.35,926.605,941.9,0.28,10.3,10.5,0.521,34.1,34.7,15.3,5.7,19.6,9.9,10.1,28.9,2.9,8.6,86900.9,16.46,8.68,8.8,7.78,4.08,4.27,3.89,Moderate
Dallas Mavericks,2016-17,82,103.7,33,241.2,94.16,296.8,315.2,20.7,22,2.5,2.7,44.4,47.2,24.9,26.4,7,8.4,97.7,410.8,436.3,22.2,3.24,2.46,1010.568,1073.2,0.238,11.9,12.6,0.513,37.9,40.3,15.3,4.9,19,13.2,14,34.8,3.3,8.8,88523.1,16.77,9.21,9.8,7.55,4.18,4.4,3.94,Moderate
Denver Nuggets,2016-17,82,110,40,240.9,100.7,296.3,294.2,25.2,25,2.9,2.9,47.5,47.2,30.2,30,8.5,10.2,111.4,419.4,416.5,20.8,2.97,2.18,914.292,907.9,0.266,12.4,12.3,0.587,41,40.7,16.9,5.7,20.3,13.6,13.5,33.3,4.2,10.2,88637.8,16.79,9.14,9.1,7.65,4.19,4.57,3.81,Moderate
Detroit Pistons,2016-17,82,103.3,37,241.5,97.09,278.5,286.8,21.1,21.7,2.1,2.2,43,44.3,25.4,26.2,7.6,9.1,101.3,397.9,409.8,20.6,3.11,2.4,954.96,983.6,0.255,12.2,12.6,0.595,36.6,37.7,17.2,4.1,19.5,11,11.3,30.1,3.5,9.5,90922.7,17.22,9.25,9.5,7.97,4.29,4.62,3.95,Isolation
Golden State Warriors,2016-17,82,113.2,67,241.2,102.24,317.7,310.7,30.4,29.7,4.6,4.5,56.3,55.1,37.5,36.7,9.6,11.8,115.9,440.1,430.5,19.3,2.64,1.85,814.185,796.3,0.263,14.9,14.6,0.322,26.9,26.3,11.1,4,14.3,8.7,8.5,32.4,2.8,10.4,89925,17.03,8.91,8.7,8.12,4.24,4.7,3.83,Ball Movement
Houston Rockets,2016-17,82,111.8,55,241.2,102.54,267.4,260.8,25.2,24.6,2.5,2.4,50.7,49.4,29.8,29.1,9.4,11.2,115.3,388.9,379.3,19.6,3.03,2.19,851.691,830.6,0.297,3.7,3.6,0.545,43.2,42.1,16.3,6.1,20.3,14.7,14.3,34,5.3,12.2,87283.7,16.53,8.54,8.3,7.99,4.12,4.44,3.83,Moderate
Indiana Pacers,2016-17,82,106.2,42,242.2,98.15,286.4,291.8,22.4,22.8,2.9,3,47.4,48.3,27.3,27.8,7.8,9.5,105,405.8,413.4,21,3.11,2.37,961.746,979.9,0.259,13.3,13.6,0.535,36.7,37.4,14.6,5.3,18.1,12,12.2,32.7,4.1,11.1,88170.8,16.7,8.85,9,7.85,4.15,4.4,3.89,Moderate
LA Clippers,2016-17,82,110.3,51,240.9,98.22,301.7,307.2,22.5,22.9,2.9,3,43.2,44,27.8,28.3,7.5,9.2,108.7,419.9,427.5,21.2,3.04,2.32,974.168,991.8,0.259,11.7,11.9,0.527,32.1,32.7,14.6,4.6,18.1,9.3,9.5,28.9,3.1,9.6,86282.4,16.34,8.7,8.9,7.64,4.08,4.28,3.87,Moderate
Los Angeles Lakers,2016-17,82,103.4,26,240.3,100.8,288.4,286.1,20.9,20.7,2.2,2.2,42.7,42.4,25.1,24.9,7.3,8.7,104.6,409.3,406.1,20.6,3.01,2.09,855.437,848.6,0.255,10.4,10.3,0.459,36.8,36.5,18.3,5.5,20.8,9.5,9.4,25.9,2.8,7.6,90744.4,17.19,9.26,9.2,7.92,4.3,4.66,3.95,Isolation
Memphis Grizzlies,2016-17,82,104.7,43,242.7,94.74,303.3,320.1,21.3,22.5,3.1,3.3,46.4,49,26.5,28,7,8.7,100.5,422.1,445.5,22,3.13,2.31,975.051,1029.2,0.238,21,22.2,0.531,31.6,33.4,13.3,5.2,16.2,10.2,10.8,32.4,2.8,8.8,87364.1,16.55,9,9.5,7.55,4.1,4.29,3.89,Moderate
Miami Heat,2016-17,82,105.2,41,241.2,97.59,283.4,290.4,21.2,21.7,2.8,2.9,45.9,47,25.9,26.5,7.5,9.1,103.2,401.9,411.8,21.5,3.21,2.61,1048.959,1074.9,0.257,9.9,10.1,0.45,49.4,50.6,18.9,5.1,21,18.4,18.9,37.3,5.1,10.3,90488.6,17.14,9.4,9.6,7.74,4.27,4.56,3.97,Moderate
Milwaukee Bucks,2016-17,82,106.9,42,241.2,96.73,289,298.8,24.2,25,3.1,3.2,47.5,49.1,29.7,30.7,8.4,10.3,103.6,403.9,417.6,20.3,3.02,2.25,908.775,939.5,0.257,13.5,14,0.492,41.8,43.2,17,5.1,20,14,14.5,33.6,4.8,11.6,88579.5,16.78,8.74,9,8.04,4.19,4.45,3.94,Ball Movement
Minnesota Timberwolves,2016-17,82,108.1,31,241.5,97.11,285.4,293.9,23.7,24.4,2.7,2.8,45.4,46.8,28.7,29.6,8.3,10,105.6,405.4,417.5,21.5,3.19,2.29,928.366,956,0.26,19,19.6,0.599,34.7,35.7,14.2,6,18,11.1,11.4,32,3,8.8,89395.7,16.93,9.06,9.3,7.87,4.21,4.42,4,Moderate
New Orleans Pelicans,2016-17,82,103.3,34,242.7,100.09,298.4,298.1,22.8,22.8,2.4,2.4,46.2,46.2,27.2,27.2,7.6,9.1,104.3,418.6,418.2,19.9,2.86,2.16,904.176,903.4,0.249,11.4,11.4,0.57,39.8,39.8,17.8,5.5,21,12,12,30.2,3.8,9.6,90246.7,17.09,8.98,9,8.11,4.23,4.62,3.88,Moderate
New York Knicks,2016-17,82,104.7,31,242.1,98.63,326.6,331.1,21.8,22.1,2.9,2.9,47.2,47.9,26.7,27.1,6.7,8.2,104.3,447.7,453.9,20.7,2.78,1.9,850.63,862.4,0.233,14.4,14.6,0.498,32.2,32.6,14.8,4.4,16.6,9.5,9.6,29.5,3.1,9.7,90613.6,17.16,9.25,9.4,7.92,4.26,4.55,3.96,Moderate
Oklahoma City Thunder,2016-17,82,105,47,241.5,100.47,255.3,254.1,21,20.9,2.1,2.1,45.7,45.5,25.5,25.4,8.2,10,106.6,379.6,377.8,20.2,3.19,2.36,895.856,891.7,0.281,17.1,17,0.541,37.3,37.1,14.6,5,17,12.9,12.8,34.6,3.9,10.4,89865.7,17.02,8.87,8.8,8.15,4.24,4.6,3.92,Isolation
Orlando Magic,2016-17,82,101.2,29,241.5,99.11,295.9,298.6,22.2,22.4,3,3,49.3,49.7,27.3,27.5,7.5,9.2,101.1,414.9,418.6,20.5,2.96,2.22,921.078,929.3,0.244,14.2,14.3,0.445,37.2,37.5,15.6,5.2,18.3,12.2,12.3,32.7,3.4,9.2,89596.1,16.97,8.97,9.1,8,4.23,4.54,3.94,Moderate
Philadelphia 76ers,2016-17,82,100.7,28,241.8,100.96,352.4,349,23.8,23.6,2.7,2.7,49.4,48.9,28.7,28.4,6.7,8.1,102.4,474.9,470.4,20.9,2.64,2,949.8,940.8,0.216,13.4,13.3,0.488,47.4,46.9,17.2,5.9,20.7,17.3,17.1,36.6,4.7,10,94652.4,17.93,9.89,9.8,8.03,4.46,4.9,4.01,Moderate
Phoenix Suns,2016-17,82,103.9,24,241.9,102.88,297.7,289.4,19.6,19.1,2.1,2,43.4,42.2,24.3,23.6,6.6,8.2,107.7,422.7,410.9,20,2.84,2.16,913.032,887.5,0.255,10.1,9.8,0.44,41.9,40.7,18.6,5.9,22.1,13.1,12.7,31.1,3.5,8.3,90042.5,17.05,9,8.7,8.06,4.25,4.6,3.92,Isolation
Portland Trail Blazers,2016-17,82,107.8,41,243.1,99.08,277.4,280,21.1,21.3,2.5,2.5,44.1,44.5,25.7,25.9,7.6,9.3,107.9,397,400.7,21.8,3.3,2.56,1016.32,1025.8,0.272,7.2,7.3,0.522,38.3,38.7,18.1,6.2,22.2,10.5,10.6,27.6,3.1,8.1,91287.8,17.29,9.5,9.6,7.78,4.28,4.64,3.91,Isolation
Sacramento Kings,2016-17,82,104.6,32,242.4,97.06,317.6,327.2,22.5,23.2,2.6,2.7,46.2,47.6,27.2,28,7.1,8.6,102.8,437.1,450.3,21.5,2.95,2.06,900.426,927.7,0.235,16.4,16.9,0.493,36.7,37.8,14.3,5.7,17.9,12.4,12.8,33.9,3.7,10.2,89312.1,16.92,9.14,9.4,7.78,4.2,4.42,3.96,Moderate
San Antonio Spurs,2016-17,82,108.8,61,241.5,96.41,316.3,328.1,23.9,24.8,3.3,3.4,45.2,46.9,29,30.1,7.6,9.2,105.3,434,450.2,21.1,2.92,2.27,985.18,1021.9,0.243,18.3,19,0.473,39.6,41.1,14.5,4.7,16.9,14.6,15.1,37,4.4,11.2,91907.3,17.41,9.56,9.9,7.84,4.34,4.68,3.98,Moderate
Toronto Raptors,2016-17,82,109.8,51,241.2,97.11,273.4,281.5,18.5,19.1,2.6,2.7,39.2,40.4,22.8,23.5,6.8,8.3,106.7,392.1,403.8,21.3,3.26,2.61,1023.381,1053.8,0.272,7.9,8.1,0.579,46.5,47.9,20.3,7.5,26.4,14.8,15.2,31.9,4.2,9.1,89311.5,16.92,9.08,9.4,7.83,4.22,4.47,3.96,Isolation
Utah Jazz,2016-17,82,107.4,51,240.9,93.62,314.9,336.4,20.1,21.5,2.7,2.9,42.6,45.5,25.3,27,6.4,8,100.7,429.2,458.4,21.7,3.03,2.19,939.948,1004,0.235,10.2,10.9,0.34,44.9,48,18,5.5,21.8,15.5,16.6,34.6,4.4,9.7,89162.7,16.89,9.3,9.9,7.58,4.22,4.48,3.94,Moderate
Washington Wizards,2016-17,82,108.5,49,242.1,99.68,265.4,266.3,23.9,24,3,3,46.4,46.5,28.9,29,9,10.9,109.2,386.2,387.4,20.6,3.21,2.49,961.638,964.7,0.283,9.5,9.5,0.561,37.1,37.2,15.6,5.8,20.2,11,11,29.6,3.9,10.6,88187.4,16.7,8.69,8.7,8.01,4.15,4.42,3.9,Moderate
Atlanta Hawks,2015-16,82,103,48,241.8,99.4,324.6,326.6,25.6,25.8,3.8,3.8,51.2,51.5,31.2,31.4,7.9,9.6,102.8,442.7,445.4,20,2.72,2.01,889.827,895.2,0.232,11.6,11.7,0.475,42.9,43.2,16.4,5.7,19.4,15.5,15.6,36.2,4.1,9.5,90725.7,17.18,8.97,9,8.21,4.28,4.63,3.94,Ball Movement
Boston Celtics,2015-16,82,103.9,48,241.2,101.15,316.7,313.1,24,23.7,2.6,2.6,50.9,50.3,29.2,28.9,7.6,9.2,105.6,439.4,434.4,19.7,2.69,1.99,874.406,864.5,0.24,9.3,9.2,0.489,37.7,37.3,16.9,5.9,19.9,11,10.9,29.2,3.5,9.2,88626.3,16.79,8.72,8.6,8.06,4.18,4.56,3.84,Ball Movement
Brooklyn Nets,2015-16,82,100.9,21,240.9,97.37,291.7,299.6,22.3,22.9,2.9,3,46.7,48,27.3,28,7.6,9.4,98.6,409.9,421,20.9,3.07,2.4,983.76,1010.3,0.241,18.4,18.9,0.516,35.9,36.9,14,4.4,16,12.6,12.9,35.1,4.1,11.3,90029.8,17.05,9.14,9.4,7.91,4.26,4.53,3.98,Moderate
Charlotte Hornets,2015-16,82,105.1,48,242.1,97.8,296.5,303.2,21.7,22.2,3,3.1,47.3,48.4,27.2,27.8,7.3,9.2,103.4,414.1,423.4,21,3.04,2.43,1006.263,1028.9,0.25,12.4,12.7,0.489,37.7,38.5,15.5,5.9,18.6,12.4,12.7,32.9,3.3,8.8,91570.2,17.34,9.53,9.7,7.81,4.31,4.68,3.93,Moderate
Chicago Bulls,2015-16,82,102.1,42,242.7,98.25,307.7,313.2,22.8,23.2,3.3,3.4,46.3,47.1,28.2,28.7,7.4,9.2,101.6,428.5,436.1,20.8,2.91,2.09,895.565,911.5,0.237,17,17.3,0.422,39,39.7,18.3,4.8,20.2,11.5,11.7,29.5,3.2,8.3,90999.9,17.23,9.2,9.4,8.03,4.27,4.59,3.95,Moderate
Cleveland Cavaliers,2015-16,82,108.1,57,242.1,95.48,296.1,310.1,22.7,23.8,3.7,3.9,44.4,46.5,28.6,30,7.7,9.7,104.3,414.8,434.4,21.6,3.13,2.34,970.632,1016.6,0.252,12.5,13.1,0.562,35.3,37,15.5,4.6,17.6,11.1,11.6,31.4,3.4,9.5,87660.2,16.6,8.91,9.3,7.7,4.13,4.32,3.92,Moderate
Dallas Mavericks,2015-16,82,104.8,42,244,96.4,330,342.3,22.1,22.9,2.9,3,48,49.8,27.4,28.4,6.7,8.3,102.3,449.6,466.4,21.7,2.9,2.17,975.632,1012.1,0.228,13.3,13.8,0.539,39.7,41.2,16.3,4.4,18.8,13.9,14.4,34.9,4.1,10.4,89437.8,16.94,9.22,9.6,7.72,4.18,4.47,3.88,Moderate
Denver Nuggets,2015-16,82,102.7,33,241.8,98.16,290.2,295.6,22.7,23.1,2.6,2.6,46.8,47.7,27.9,28.4,7.8,9.6,101.9,411.1,418.8,21.2,3.1,2.37,974.307,992.6,0.248,11.4,11.6,0.533,40.1,40.9,15.1,5.6,16.5,14.1,14.4,35,4.4,10.9,88698.6,16.8,9.09,9.3,7.71,4.18,4.52,3.83,Moderate
Detroit Pistons,2015-16,82,103.3,44,242.4,97.39,263.3,270.4,19.4,19.9,2.4,2.5,41.7,42.8,24.4,25.1,7.4,9.3,102,384.2,394.5,21,3.28,2.61,1002.762,1029.6,0.265,13.3,13.7,0.556,38.3,39.3,17.3,4.9,19.6,11.7,12,30.6,3.3,8.7,88896.5,16.84,9.08,9.3,7.76,4.18,4.47,3.88,Isolation
Golden State Warriors,2015-16,82,112.5,73,242.4,101.65,323.5,318.2,28.9,28.4,4.1,4,54.2,53.3,35.7,35.1,8.9,11,114.9,446.4,439.2,19.4,2.6,1.86,830.304,816.8,0.257,16.6,16.3,0.342,26.3,25.9,12.1,4.1,15.6,7.5,7.4,28.3,2.4,9.3,90298.4,17.1,9.03,8.9,8.07,4.24,4.75,3.79,Ball Movement
Houston Rockets,2015-16,82,105.5,41,241.8,100.08,287.3,287.1,22.2,22.2,2.6,2.6,46.4,46.4,27.5,27.5,7.7,9.6,106.5,409.4,409.1,20,2.93,2.1,859.74,859.1,0.26,10.1,10.1,0.462,41.5,41.5,15.7,6.2,19.1,14.7,14.7,35.4,4.1,9.9,88331.6,16.73,8.61,8.6,8.12,4.16,4.44,3.9,Moderate
Indiana Pacers,2015-16,82,102.4,45,242.4,98.99,303.8,306.9,21.2,21.4,2.7,2.7,48,48.5,26.9,27.2,7,8.8,102.2,425.4,429.7,21.1,2.98,2.1,893.34,902.5,0.24,13.1,13.2,0.422,29.9,30.2,12.2,4.8,14.7,9.4,9.5,31.5,2.9,9.7,88756.3,16.81,8.95,9,7.86,4.17,4.46,3.88,Moderate
LA Clippers,2015-16,82,106.5,53,241.8,97.97,287.6,293.6,22.8,23.3,2.8,2.9,45.8,46.7,28.1,28.7,7.9,9.8,104.5,405.6,414,21,3.11,2.37,961.272,981.2,0.258,8.6,8.8,0.368,31.6,32.3,13.8,4.4,16.5,9.8,10,30.9,3.3,10.4,86969.2,16.47,8.65,8.8,7.82,4.1,4.33,3.87,Moderate
Los Angeles Lakers,2015-16,82,98.6,17,240.6,97.99,274,279.6,18,18.4,1.7,1.7,38.7,39.5,21.7,22.1,6.6,7.9,97.3,392.7,400.8,21.4,3.27,2.29,899.283,917.7,0.248,12.3,12.6,0.45,32.5,33.2,15.9,5,18,8.9,9.1,27.2,2.5,7.8,88542.7,16.77,9.13,9.3,7.64,4.19,4.43,3.94,Isolation
Memphis Grizzlies,2015-16,82,102.6,42,241.8,95.65,306.4,320.3,20.7,21.6,2.8,2.9,43.9,45.9,25.8,27,6.8,8.4,99.1,425,444.3,21.7,3.07,2.24,952,995.3,0.233,24.9,26,0.483,31.8,33.2,14.9,5.4,17.5,9.5,9.9,29.9,2.4,7.5,87182.1,16.51,8.92,9.3,7.59,4.11,4.32,3.88,Moderate
Miami Heat,2015-16,82,104.2,48,241.8,95.75,297.9,311.1,20.8,21.7,2.6,2.7,43.2,45.1,25.8,26.9,7,8.6,100,415.2,433.6,21.7,3.14,2.44,1013.088,1058.1,0.241,13,13.6,0.523,44.6,46.6,17.2,5.8,21.4,16,16.7,35.8,4.9,11,88622.4,16.78,9.17,9.6,7.61,4.18,4.44,3.9,Isolation
Milwaukee Bucks,2015-16,82,102.2,33,241.8,96.55,289.4,299.7,23.1,23.9,3,3.1,44.8,46.4,28.7,29.7,8,9.9,99,407.7,422.3,20.7,3.05,2.14,872.478,903.7,0.243,16.8,17.4,0.494,39.6,41,16.1,5,18.2,13.8,14.3,34.7,3.9,9.9,89691.2,16.99,8.82,9.1,8.17,4.22,4.47,3.98,Moderate
Minnesota Timberwolves,2015-16,82,104.3,29,242.4,97.59,281.4,288.3,23.4,24,2.8,2.9,47.3,48.5,29.1,29.8,8.3,10.3,102.4,400.9,410.8,21.1,3.16,2.36,946.124,969.5,0.255,15.4,15.8,0.621,32.1,32.9,13,5.9,16.8,10,10.2,31.3,3.1,9.7,88851.4,16.83,8.86,9.1,7.96,4.18,4.42,3.93,Moderate
New Orleans Pelicans,2015-16,82,103.2,30,241.2,98.91,292.5,295.7,22.2,22.4,2.2,2.2,43.1,43.6,26.9,27.2,7.6,9.2,102.7,412.5,417,20.4,2.97,2.31,952.875,963.4,0.249,11.2,11.3,0.545,44,44.5,18.2,5.4,21.1,15.2,15.4,34.6,4.4,10,90982.6,17.23,9.19,9.3,8.04,4.3,4.73,3.9,Isolation
New York Knicks,2015-16,82,102,32,241.5,95.83,341.6,356.5,20.5,21.4,2.8,2.9,46.8,48.8,25.6,26.7,6,7.5,98.4,458,477.9,21,2.75,1.84,842.72,879.4,0.215,27.7,28.9,0.477,22.7,23.7,9.7,4,11.9,6.9,7.2,30.5,2.2,9.7,88820.9,16.82,9.22,9.6,7.6,4.19,4.47,3.89,Moderate
Oklahoma City Thunder,2015-16,82,109.9,55,241.8,99.37,256.6,258.2,23,23.1,2,2,46.9,47.2,27.5,27.7,8.9,10.7,110.2,380.6,383,20.6,3.25,2.51,955.306,961.4,0.29,9.2,9.3,0.607,38,38.2,14.3,5.5,18,13.1,13.2,34.4,4.4,11.6,88322.9,16.73,8.92,9,7.81,4.16,4.52,3.81,Moderate
Orlando Magic,2015-16,82,102.6,35,242.5,98.16,305.7,311.4,23.5,23.9,2.5,2.5,49.1,50,27.8,28.3,7.7,9.1,102,425.1,433.1,20.8,2.94,2.25,956.475,974.4,0.24,14.2,14.5,0.499,39.1,39.8,16.5,5.4,18.8,12.4,12.6,31.7,4,10.3,93894.5,17.78,9.52,9.7,8.27,4.41,4.77,4.05,Moderate
Philadelphia 76ers,2015-16,82,96.6,10,241.5,100.23,329.3,328.5,21.5,21.5,2.1,2.1,47,46.9,26.1,26,6.5,7.9,97.4,450.4,449.4,21.4,2.85,2.29,1031.416,1029,0.216,12.5,12.5,0.471,50.7,50.6,17.9,6,19.6,19.5,19.5,38.4,5.4,10.6,92801.6,17.58,9.52,9.5,8.06,4.38,4.66,4.09,Moderate
Phoenix Suns,2015-16,82,99.4,23,240.3,100.86,310.4,307.8,20.7,20.5,2.7,2.7,47.3,46.9,25.5,25.3,6.7,8.2,100.9,435.4,431.7,20.5,2.83,2.09,909.986,902.2,0.232,14.2,14.1,0.459,34.7,34.4,14.7,4.9,16.9,11.2,11.1,32.2,2.8,8,89232.3,16.9,8.97,8.9,7.93,4.23,4.5,3.96,Moderate
Portland Trail Blazers,2015-16,82,106.1,44,241.5,98.31,281.8,286.6,21.3,21.7,2.5,2.5,45.3,46.1,26.4,26.9,7.6,9.4,105.1,401.8,408.7,21.7,3.24,2.53,1016.554,1034,0.262,5.5,5.6,0.39,37.7,38.3,16.8,5.6,19.7,11.2,11.4,29.7,3.2,8.6,91007.2,17.24,9.48,9.6,7.76,4.29,4.65,3.93,Moderate
Sacramento Kings,2015-16,82,103.3,33,241.5,102.24,283.3,277.1,24.5,24,2.7,2.6,50.3,49.2,29.9,29.2,8.7,10.5,106.7,406.5,397.6,20.3,3,2.29,930.885,910.5,0.263,12.9,12.6,0.477,40.4,39.5,16.3,5.8,18.7,13.1,12.8,32.3,4,10,89885.5,17.02,8.95,8.8,8.07,4.24,4.57,3.93,Moderate
San Antonio Spurs,2015-16,82,108.4,67,240.3,95.72,328.6,343.3,24.5,25.6,3.9,4.1,46,48.1,30.2,31.6,7.5,9.2,103.5,444.1,464,21.3,2.88,2.21,981.461,1025.3,0.233,22.4,23.4,0.573,37.1,38.8,13.9,4.1,16.6,13.9,14.5,37.3,4.2,11.4,90982.5,17.23,9.52,9.9,7.71,4.31,4.61,3.99,Ball Movement
Toronto Raptors,2015-16,82,107,56,240.9,95.31,303.4,318.3,18.7,19.6,2.2,2.3,38.9,40.8,22.8,23.9,6.2,7.5,102.7,420.9,441.6,22.2,3.16,2.53,1064.877,1117.3,0.244,8.3,8.7,0.53,49.5,51.9,20.8,7.5,25.6,16,16.8,32.4,4.6,9.2,88527.6,16.77,9.28,9.7,7.49,4.18,4.4,3.94,Isolation
Utah Jazz,2015-16,82,103.1,40,243.4,93.26,352.3,377.8,19,20.4,2.4,2.6,44.3,47.5,24,25.7,5.4,6.8,97.7,468.5,502.4,22.2,2.85,2.07,969.795,1039.9,0.209,7.7,8.3,0.415,45.5,48.8,17.9,6.5,20.8,15.7,16.8,34.6,4.2,9.2,91418.9,17.31,9.64,10.3,7.68,4.28,4.55,3.98,Moderate
Washington Wizards,2015-16,82,102.9,41,240.9,100.63,294.7,292.9,24.5,24.3,2.8,2.8,50.1,49.8,29.9,29.7,8.3,10.2,104.1,414.8,412.2,19.8,2.87,2.09,866.932,861.5,0.251,10.5,10.4,0.48,35.3,35.1,13.3,5.2,16.4,11.9,11.8,33.8,4.1,11.6,90059.9,17.06,8.88,8.8,8.17,4.25,4.64,3.9,Ball Movement
Atlanta Hawks,2014-15,82,106.2,60,240.6,96.25,324.3,336.9,25.7,26.7,3.9,4.1,50.8,52.8,31.7,32.9,7.9,9.8,102.5,440.5,457.7,20.4,2.77,2.04,898.62,933.6,0.233,11.3,11.7,0.383,42,43.6,16.3,5.9,19.8,14.4,15,34.2,4.3,10.3,88833.3,16.82,8.9,9.2,7.93,4.21,4.52,3.91,Ball Movement
Boston Celtics,2014-15,82,101.7,40,242.4,98.4,304.9,309.9,24.5,24.9,2.7,2.7,51.3,52.1,29.6,30.1,8,9.7,101.4,425.7,432.6,20.1,2.84,2.14,910.998,925.8,0.238,10.4,10.6,0.519,32.7,33.2,14.2,4.8,16.4,9.8,10,30,3,9.1,89282.7,16.91,8.84,9,8.06,4.2,4.55,3.87,Ball Movement
Brooklyn Nets,2014-15,82,101.9,38,243.1,94.97,273,287.5,20.9,22,2.5,2.6,44.9,47.3,26.1,27.5,7.7,9.6,98,391.1,411.8,21.2,3.26,2.55,997.305,1050.1,0.251,15.3,16.1,0.508,38.5,40.5,15.5,4.5,18.1,13.3,14,34.5,4,10.3,88701.9,16.8,8.89,9.4,7.91,4.15,4.41,3.9,Moderate
Charlotte Hornets,2014-15,82,97.6,33,242.7,95.33,301.5,316.3,20.2,21.2,3.5,3.7,42.4,44.5,25.7,27,6.7,8.5,94.2,418.3,438.8,21.3,3.05,2.39,999.737,1048.7,0.225,17.4,18.3,0.507,34.4,36.1,15.6,5,17.5,10.4,10.9,30.3,3,8.7,89905,17.03,9.41,9.9,7.61,4.22,4.57,3.85,Isolation
Chicago Bulls,2014-15,82,104.7,50,242.4,95.35,304,318.8,21.7,22.8,3.2,3.4,46.1,48.3,27.6,28.9,7.1,9.1,100.8,423.2,443.8,21.3,3.02,2.28,964.896,1012,0.238,17.9,18.8,0.476,35.7,37.4,15.4,5.8,19.2,11.1,11.6,31.1,3.1,8.8,89502.6,16.95,9.22,9.7,7.73,4.21,4.51,3.9,Moderate
Cleveland Cavaliers,2014-15,82,107.7,53,241.2,94.78,289.4,305.3,22.2,23.4,3.2,3.4,42.8,45.2,27.7,29.2,7.7,9.6,103.3,407.3,429.7,21.3,3.14,2.36,961.228,1014.2,0.254,12.7,13.4,0.549,35.2,37.1,14.8,5.2,17.5,11,11.6,31.2,3.6,10.3,86807.2,16.44,8.82,9.3,7.62,4.09,4.3,3.88,Moderate
Dallas Mavericks,2014-15,82,107.2,50,242.4,97.43,307.3,315.4,22.5,23.1,3,3.1,47.1,48.3,28.1,28.8,7.3,9.1,105.2,429.6,440.9,20.5,2.86,2.14,919.344,943.6,0.245,9.3,9.5,0.576,42.7,43.8,17.6,5.1,20.1,14.2,14.6,33.2,4.4,10.4,88578.2,16.78,8.79,9,7.98,4.15,4.44,3.88,Moderate
Denver Nuggets,2014-15,82,101.6,30,242.4,98.67,264.1,267.7,21.8,22.1,2.6,2.6,48.7,49.4,27.3,27.7,8.3,10.3,101.5,386.6,391.8,20.6,3.19,2.48,958.768,971.7,0.262,11.7,11.9,0.509,41.7,42.3,15,5.1,17.5,15.7,15.9,37.6,4.5,10.8,88555.6,16.77,8.74,8.9,8.03,4.16,4.46,3.87,Moderate
Detroit Pistons,2014-15,82,102.3,32,241.8,95.18,272.3,286.1,21.6,22.7,2.6,2.7,44.7,47,26.6,27.9,7.9,9.8,98.5,392.2,412.1,21.2,3.25,2.64,1035.408,1087.8,0.251,17.1,18,0.519,35.4,37.2,15.4,4.6,16.6,10.8,11.3,30.5,3.6,10.3,90083.1,17.06,9.28,9.7,7.78,4.24,4.55,3.92,Moderate
Golden State Warriors,2014-15,82,109.7,67,240.6,100.69,306.6,304.5,27.4,27.2,3.4,3.4,50.4,50.1,33.1,32.9,8.9,10.8,110,442,439,19.7,2.67,1.84,813.28,807.7,0.249,13.2,13.1,0.386,28,27.8,12.8,4,15,7.5,7.4,27,2.9,10.5,90065.3,17.06,8.9,8.8,8.16,4.19,4.71,3.75,Ball Movement
Houston Rockets,2014-15,82,104.2,56,241.5,99.25,299.1,301.4,22.2,22.4,3,3,47.9,48.3,27.5,27.7,7.4,9.2,103.8,421.6,424.8,20.4,2.91,2.13,898.008,904.8,0.246,15.6,15.7,0.506,37.4,37.7,13.2,6.1,16.6,13.5,13.6,36.1,4.1,11,88343.1,16.73,8.8,8.9,7.93,4.16,4.44,3.89,Moderate
Indiana Pacers,2014-15,82,100.8,38,242.1,95.5,311.1,325.8,21.4,22.4,3.6,3.8,48.1,50.4,26.9,28.2,6.9,8.7,97.3,430.2,450.5,22,3.06,2.25,967.95,1013.6,0.226,19.3,20.2,0.479,28.9,30.3,12.6,3.8,13.8,9.4,9.8,32.5,2.7,9.2,87239.6,16.52,8.97,9.4,7.55,4.11,4.31,3.89,Moderate
Los Angeles Clippers,2014-15,82,109.8,56,240.6,96.96,294,303.2,24.8,25.6,4.1,4.2,48.2,49.7,31.3,32.3,8.4,10.6,106.7,411.6,424.5,20.4,2.98,2.21,909.636,938.2,0.259,13.6,14,0.446,27.2,28.1,11.6,3.4,13.4,8.9,9.2,32.8,2.8,10.4,86843.2,16.45,8.54,8.8,7.91,4.11,4.38,3.85,Ball Movement
Los Angeles Lakers,2014-15,82,100.8,21,243.1,96.33,270.3,280.6,20.9,21.7,1.9,2,43.5,45.2,24.9,25.8,7.7,9.2,98.5,389.2,404,22,3.39,2.4,934.08,969.7,0.253,14.6,15.2,0.528,31.1,32.3,12.7,6.2,15.8,9.2,9.6,29.5,3.1,10,88092.3,16.68,9.01,9.4,7.68,4.12,4.33,3.9,Isolation
Memphis Grizzlies,2014-15,82,103.1,55,242.7,94.21,309,328,21.7,23,3.4,3.6,46.2,49,27.7,29.4,7,9,98.3,426.1,452.3,21.5,3.03,2.27,967.247,1026.7,0.231,26.1,27.7,0.529,29.3,31.1,13.3,3.9,15,8.8,9.3,30.2,2.6,9,88431.8,16.75,9.05,9.6,7.7,4.15,4.42,3.87,Moderate
Miami Heat,2014-15,82,101.5,37,240.6,93.26,304,326,19.7,21.1,2.6,2.8,44.1,47.3,24.8,26.6,6.5,8.2,94.6,418,448.2,21.6,3.1,2.35,982.3,1053.3,0.226,12.9,13.8,0.598,39,41.8,13.7,6,17.4,14.3,15.3,36.6,3.9,9.9,87014.1,16.48,8.94,9.6,7.54,4.12,4.38,3.84,Moderate
Milwaukee Bucks,2014-15,82,100.5,41,243.1,96.5,287.4,297.8,23.6,24.5,3.4,3.5,48.1,49.8,29.5,30.6,8.2,10.3,97.9,406.5,421.2,20.3,3,2.35,955.275,989.9,0.241,10.7,11.1,0.387,40.8,42.3,14.7,4.9,17.4,15.3,15.9,37.5,4,9.9,89540.9,16.96,8.75,9.1,8.21,4.19,4.52,3.89,Ball Movement
Minnesota Timberwolves,2014-15,82,99.8,16,241.5,96.96,277.7,286.4,21.6,22.3,2.4,2.5,46.7,48.2,26.8,27.6,7.8,9.7,97.7,398.4,410.9,21.1,3.17,2.37,944.208,973.8,0.245,21.1,21.8,0.532,26.5,27.3,11.6,4.6,13.6,7.8,8,29.4,2.2,8.1,88603.3,16.78,8.93,9.2,7.85,4.17,4.44,3.9,Moderate
New Orleans Pelicans,2014-15,82,105.4,45,241.2,93.7,270.7,288.9,22,23.5,1.9,2,43.9,46.9,26.7,28.5,8.1,9.9,99.4,386.2,412.2,22,3.41,2.69,1038.878,1108.7,0.257,10.1,10.8,0.585,42.9,45.8,18.5,5.1,20.7,13.3,14.2,31.1,4.5,10.6,87535.8,16.58,9.13,9.7,7.44,4.13,4.44,3.8,Moderate
New York Knicks,2014-15,82,97.1,17,242.2,93.67,362.4,386.9,21.3,22.7,2.8,3,47.9,51.1,26,27.8,5.9,7.2,92,479.8,512.2,21.5,2.69,1.8,863.64,922,0.192,23.8,25.4,0.399,24.6,26.3,10,4.3,12.1,7.7,8.2,31.4,2.5,10.2,89794.8,17.01,9.4,10,7.61,4.23,4.52,3.91,Ball Movement
Oklahoma City Thunder,2014-15,82,104.5,45,241.8,98.35,271,275.5,20.5,20.8,1.9,1.9,43,43.7,24.2,24.6,7.6,8.9,104,394.8,401.4,20.7,3.14,2.29,904.092,919.3,0.263,9.4,9.6,0.572,36.3,36.9,16.1,5.4,19.1,11.4,11.6,31.4,3.1,8.5,88371.8,16.74,8.9,9,7.84,4.17,4.5,3.85,Isolation
Orlando Magic,2014-15,82,99.6,25,240.9,95.89,279,291,20.6,21.5,2.5,2.6,43,44.8,24.8,25.9,7.4,8.9,95.7,397.5,414.5,20.6,3.11,2.55,1013.625,1057.1,0.241,14.3,14.9,0.465,42.5,44.3,18,5.3,18.8,14,14.6,33,3.8,8.9,88379.2,16.74,8.87,9.3,7.87,4.18,4.51,3.86,Isolation
Philadelphia 76ers,2014-15,82,93,18,241.5,98.28,326.4,332.1,20.5,20.9,2.1,2.1,46.9,47.7,25.1,25.5,6.3,7.7,92,448.8,456.7,20.8,2.78,2.02,906.576,922.4,0.205,12.3,12.5,0.306,47.4,48.2,18.4,7.1,19.9,16.4,16.7,34.6,3.9,8.2,91838.1,17.39,9.34,9.5,8.05,4.33,4.65,4.01,Moderate
Phoenix Suns,2014-15,82,102.9,39,242.4,98.68,288.6,292.5,20.2,20.5,2,2,43.8,44.4,23.9,24.2,7,8.3,102.4,409.9,415.4,20.4,2.99,2.25,922.275,934.6,0.25,13.2,13.4,0.535,39,39.5,15.2,5.3,18.3,13.7,13.9,35.1,3.7,9.5,87428.2,16.56,8.63,8.7,7.93,4.1,4.38,3.83,Isolation
Portland Trail Blazers,2014-15,82,105.5,51,242.1,96.46,287.6,298.2,21.9,22.7,3.2,3.3,47.2,48.9,26.8,27.8,7.6,9.3,102.8,406.4,421.3,21.4,3.16,2.45,995.68,1032.2,0.253,19,19.7,0.538,29.4,30.5,11.1,4,14.1,10,10.4,34.2,3.3,11.3,89627.1,16.97,9.29,9.6,7.68,4.21,4.54,3.88,Moderate
Sacramento Kings,2014-15,82,102.5,29,242.1,97.92,284,290,20.3,20.7,1.9,1.9,42.1,43,25.1,25.6,7.2,8.9,101.3,404.9,413.5,21.5,3.18,2.38,963.662,984.1,0.25,17.9,18.3,0.577,35.1,35.8,15.8,6.7,19.6,10,10.2,28.3,2.4,6.9,88883.5,16.83,9.04,9.2,7.8,4.17,4.45,3.89,Isolation
San Antonio Spurs,2014-15,82,106.2,55,243.4,95.93,342.4,356.9,24.4,25.4,4.2,4.4,47.7,49.7,31.1,32.4,7.1,9.1,103.2,460.8,480.4,21.3,2.77,2.13,981.504,1023.1,0.224,17.1,17.8,0.511,41.5,43.3,15.8,4.8,19,15.8,16.5,38,4.2,10.1,93333.5,17.68,9.74,10.2,7.93,4.37,4.75,3.97,Ball Movement
Toronto Raptors,2014-15,82,108.1,49,242.1,95.4,275.1,288.4,20.7,21.7,2.6,2.7,40.3,42.2,25.5,26.7,7.5,9.3,104,392.4,411.3,21.7,3.31,2.55,1000.62,1048.9,0.265,9.7,10.2,0.582,38.2,40,16.6,5.4,20,11.8,12.4,30.8,3.6,9.5,87292.4,16.53,8.84,9.3,7.69,4.1,4.3,3.9,Isolation
Utah Jazz,2014-15,82,102.5,38,240.3,92.78,364.1,392.4,19.9,21.4,2.7,2.9,46.3,49.9,25.7,27.7,5.5,7.1,95.1,479.7,517,21.4,2.68,1.89,906.633,977.2,0.198,9.9,10.7,0.472,38.6,41.6,14.2,5.7,15.6,14,15.1,36.4,3.7,9.6,89414.7,16.93,9.37,10.1,7.56,4.24,4.52,3.93,Moderate
Washington Wizards,2014-15,82,101.8,46,243.4,95.96,299.5,312.1,24,25,2.7,2.8,48,50,29.3,30.5,8,9.8,98.5,418.1,435.7,20.9,3,2.17,907.277,945.5,0.236,17.5,18.2,0.459,26.8,27.9,10.2,4.5,12.8,8.9,9.3,33.2,3.3,12.2,88890.2,16.84,8.94,9.3,7.9,4.15,4.45,3.85,Ball Movement
Atlanta Hawks,2013-14,82,103.4,38,241.9,96.87,320.2,330.5,24.9,25.7,3.1,3.2,50.5,52.1,30.3,31.3,7.8,9.5,103.9,452.6,467.2,20.8,2.76,1.91,864.466,892.4,0.23,2.1,2.2,0.49,38.6,39.8,15,4.7,16.5,14.1,14.6,36.4,3.8,9.8,89044,16.86,8.99,9.3,7.88,4.2,4.55,3.85,Ball Movement
Boston Celtics,2013-14,82,99.7,25,240.6,95.88,297.9,310.7,21,21.9,2.4,2.5,45.6,47.6,25.6,26.7,7.1,8.6,104.6,420.1,438.2,21.1,3.02,2.21,928.421,968.3,0.249,12.5,13,0.497,30.4,31.7,12,4.5,13.8,10.2,10.6,33.6,3,9.7,87785.7,16.63,8.92,9.3,7.71,4.15,4.41,3.89,Moderate
Brooklyn Nets,2013-14,82,104.4,44,242.5,93.68,292.6,312.3,20.7,22.1,2.6,2.8,44.1,47.1,25.7,27.4,7.1,8.8,106.2,448.4,478.7,21.3,2.85,2.01,901.284,962.1,0.237,7.2,7.7,0.513,36.5,39,14.4,6.6,18.2,11.7,12.5,31.9,3.3,9.1,86459.3,16.37,8.69,9.3,7.69,4.07,4.29,3.85,Moderate
Charlotte Bobcats,2013-14,82,101.2,43,242.8,94.73,322,339.9,21.8,23,3.1,3.3,45.6,48.1,27.3,28.8,6.8,8.5,107.3,405.3,427.8,20.9,3.09,2.35,952.455,1005.4,0.265,13.3,14,0.56,34.9,36.8,14,6.1,16.7,11.9,12.6,34.1,3.1,8.9,90814.4,17.2,9.51,10,7.69,4.26,4.61,3.89,Moderate
Chicago Bulls,2013-14,82,99.7,48,243.1,92.72,317.8,342.8,22.7,24.5,3.2,3.5,50.3,54.2,28.7,31,7.1,9,103.6,419.6,452.5,19.9,2.85,2.13,893.748,963.9,0.247,11.3,12.2,0.514,26.8,28.9,10.7,3.9,11.5,8.9,9.6,33.4,2.7,10.2,89784.2,17,9.33,10.1,7.67,4.21,4.47,3.93,Ball Movement
Cleveland Cavaliers,2013-14,82,101.3,33,243.1,95.68,296.9,310.3,21.2,22.2,2.3,2.4,43.6,45.6,25.9,27.1,7.1,8.7,110.2,394.9,412.7,20.4,3.09,2.2,868.78,908,0.279,11.8,12.3,0.492,37.5,39.2,16.1,4.6,18.4,12,12.5,32.1,3.4,9.1,91866.1,17.4,9.29,9.7,8.11,4.31,4.63,3.98,Moderate
Dallas Mavericks,2013-14,82,109,49,241.8,95.74,309.6,323.4,23.6,24.7,3.6,3.8,48.3,50.4,29.4,30.7,7.6,9.5,102.4,421.4,440.2,21.9,3.12,2.43,1024.002,1069.6,0.243,11.3,11.8,0.487,32.7,34.2,12.9,4.7,15.6,10,10.4,30.7,4.5,13.7,88087.6,16.68,8.93,9.3,7.76,4.15,4.41,3.89,Ball Movement
Denver Nuggets,2013-14,82,103.3,36,240.9,100.68,262.4,260.6,22.4,22.2,2.6,2.6,48.3,48,27.9,27.7,8.5,10.6,108.9,419.4,416.6,20.6,2.95,2.12,889.128,883.1,0.26,13.4,13.3,0.474,39.1,38.8,15.3,6.1,18,13.6,13.5,34.6,3.8,9.8,89964.5,17.04,8.89,8.8,8.15,4.25,4.61,3.92,Moderate
Detroit Pistons,2013-14,82,102.9,29,241.2,97.39,259.1,266,20.9,21.5,2.3,2.4,43.8,45,26,26.7,8.1,10,102.9,424.4,435.8,20.8,2.94,2.19,929.436,954.3,0.242,7.9,8.1,0.54,33.4,34.3,15.5,5.5,17.9,9.3,9.5,27.8,3.1,9.3,87577.9,16.59,8.69,8.9,7.89,4.13,4.34,3.93,Moderate
Golden State Warriors,2013-14,82,105.3,51,241.9,98.53,243.8,247.4,23.3,23.6,2.8,2.8,44.7,45.4,28.3,28.7,9.6,11.6,115.7,440.9,447.5,19.3,2.63,1.79,789.211,801,0.262,16.9,17.2,0.356,28.3,28.7,11.9,4.2,13.7,8.3,8.4,29.2,3.1,11,88895.6,16.84,8.77,8.9,8.07,4.2,4.56,3.87,Moderate
Houston Rockets,2013-14,82,108.6,54,241.8,98.81,293.4,296.9,21.4,21.7,2.6,2.6,42.9,43.4,26.6,26.9,7.3,9.1,113.5,374.9,379.4,20.7,3.31,2.54,952.246,963.7,0.303,4.7,4.8,0.498,41.9,42.4,16.6,6.9,20.8,13.9,14.1,33.2,3.9,9.3,88780.1,16.81,8.81,8.9,8,4.18,4.5,3.88,Isolation
Indiana Pacers,2013-14,82,101.5,56,241.2,94.9,299.5,315.6,20.1,21.2,2.5,2.6,43.9,46.3,24.7,26,6.7,8.3,105.8,415.8,438.1,20.7,2.98,2.31,960.498,1012.1,0.255,10.1,10.6,0.582,28.2,29.7,12.4,4.4,15.5,8.4,8.9,29.7,2.6,9.2,86145.7,16.32,8.73,9.2,7.59,4.07,4.25,3.87,Moderate
Los Angeles Clippers,2013-14,82,109.4,57,240.9,98.39,304.5,309.5,24.6,25,4,4.1,49.2,50,31.4,31.9,8.1,10.3,109.2,421.9,428.8,20.6,2.92,2.14,902.866,917.6,0.259,9.6,9.8,0.498,27.9,28.4,11.3,4.1,14.1,9.4,9.6,33.6,2.9,10.5,88236.2,16.71,8.61,8.8,8.11,4.17,4.48,3.88,Ball Movement
Los Angeles Lakers,2013-14,82,101.9,27,240.3,100.98,306.4,303.4,24.5,24.3,3.2,3.2,50.1,49.6,30.1,29.8,8,9.8,108.7,406.1,402.2,19.9,2.94,2.06,836.566,828.4,0.268,12.5,12.4,0.456,32.9,32.6,12.4,4.3,13.8,11.3,11.2,34.5,3.6,11.1,90331.3,17.11,8.91,8.8,8.2,4.28,4.61,3.97,Ball Movement
Memphis Grizzlies,2013-14,82,103.3,50,241.5,92.25,308,333.9,21.9,23.7,3.8,4.1,46.6,50.5,28.1,30.5,7.1,9.1,98.7,440.9,477.9,21.5,2.93,2.06,908.254,984.6,0.224,13.4,14.5,0.438,30.3,32.8,11.9,4.1,13.9,10.8,11.7,35.6,2.6,8.5,88247.3,16.71,9.09,9.9,7.63,4.16,4.36,3.95,Ball Movement
Miami Heat,2013-14,82,109,54,242.4,93.26,292.4,313.5,22.5,24.1,4,4.3,45.7,49,28.9,31,7.7,9.9,102.6,423.6,454.2,21.9,3.1,2.31,978.516,1049.2,0.242,9.9,10.6,0.398,38.9,41.7,14.2,5.5,19.3,14,15,35.9,3.9,10.1,87617.4,16.59,8.6,9.2,8,4.11,4.3,3.93,Ball Movement
Milwaukee Bucks,2013-14,82,100.2,15,242.5,94.28,320.1,339.5,21.4,22.7,2.8,3,45.9,48.7,26.9,28.5,6.7,8.4,105.2,399.2,423.4,20.1,3.01,2.25,898.2,952.7,0.264,7.4,7.8,0.501,33.8,35.9,14.2,5.1,15.7,11,11.7,32.7,2.8,8.4,88971.8,16.85,9.14,9.7,7.71,4.17,4.49,3.85,Moderate
Minnesota Timberwolves,2013-14,82,105.6,40,242.1,99.82,303.4,303.9,23.9,23.9,3,3,52.5,52.6,30.4,30.5,7.9,10,109.7,406.6,407.3,21.8,3.22,2.39,971.774,973.5,0.27,15.1,15.1,0.636,32.2,32.3,12.6,4.9,14.3,10.9,10.9,33.9,3.2,10.1,88697.7,16.8,8.97,9,7.83,4.18,4.43,3.93,Ball Movement
New Orleans Pelicans,2013-14,82,104.7,34,242.1,94.51,271.4,287.2,21.3,22.5,1.5,1.6,42.6,45.1,25.5,27,7.8,9.4,111.9,440.3,465.9,20.2,2.75,1.96,862.988,913.1,0.254,13.2,14,0.525,42,44.4,20.1,6.4,22.4,11,11.6,26.2,3.9,9.4,90052.9,17.06,9.3,9.8,7.76,4.24,4.58,3.89,Moderate
New York Knicks,2013-14,82,105.4,37,242.1,92.59,279.9,302.3,20,21.6,2.5,2.7,44.2,47.7,24.3,26.2,7.2,8.7,103.9,440.8,476.1,21.2,2.88,2,881.6,952.2,0.236,17.3,18.7,0.564,28.1,30.3,11.1,4.5,13.7,9.1,9.8,32.2,3,10.5,85713.2,16.23,8.55,9.2,7.69,4.03,4.15,3.91,Moderate
Oklahoma City Thunder,2013-14,82,108.1,59,241.5,97.91,262.3,267.9,21.9,22.4,2.2,2.2,43.9,44.8,26.3,26.9,8.3,10,107.2,377.5,385.6,20.3,3.23,2.49,939.975,960,0.284,8.6,8.8,0.608,31.8,32.5,14.5,5.7,18.8,8.4,8.6,26.5,3,9.4,88077.7,16.68,8.69,8.9,7.99,4.15,4.46,3.86,Isolation
Orlando Magic,2013-14,82,99.3,23,243.4,95.87,286.2,298.5,21,21.9,2.8,2.9,46.4,48.4,26,27.1,7.4,9.1,105,409.3,426.9,20.7,3.03,2.34,957.762,999,0.256,9.6,10,0.426,33.4,34.8,13.5,5.1,15.8,10.9,11.4,32.7,3,8.9,89344,16.92,9.08,9.5,7.84,4.18,4.44,3.92,Moderate
Philadelphia 76ers,2013-14,82,96.8,19,242.1,101.62,301.4,296.6,21.8,21.5,2.7,2.7,46.8,46.1,27,26.6,7.2,8.9,108,471.2,463.7,20.4,2.6,1.71,805.752,792.9,0.229,18.9,18.6,0.529,42.6,41.9,20,6.9,21.9,11.7,11.5,27.5,3.1,7.2,93462.7,17.7,9.14,9,8.56,4.4,4.78,4.05,Moderate
Phoenix Suns,2013-14,82,107.1,48,240.9,98.16,277.9,283.1,19.1,19.5,2.1,2.1,42.1,42.9,23.1,23.5,6.9,8.3,104.3,416.1,423.9,20.6,2.97,2.25,936.225,953.8,0.251,9.5,9.7,0.409,36.1,36.8,14.7,5.1,17.6,12.3,12.5,34.1,3.3,9.2,88337.9,16.73,8.82,9,7.91,4.18,4.45,3.91,Isolation
Portland Trail Blazers,2013-14,82,108.3,54,242.1,97.48,295.5,303.1,23.2,23.8,3.5,3.6,48.3,49.5,29,29.7,7.9,9.8,105.9,390.6,400.7,22.2,3.41,2.62,1023.372,1049.8,0.271,9.3,9.5,0.483,27.8,28.5,11.5,4.7,14,8.5,8.7,30.8,2.9,10.5,90959.6,17.23,9.33,9.6,7.9,4.28,4.58,3.97,Moderate
Sacramento Kings,2013-14,82,102.9,28,241.9,96.75,267,276,18.8,19.4,1.6,1.7,40.6,42,22.7,23.5,7.1,8.5,99.6,435.4,450,21.3,2.93,2.06,896.924,927.1,0.229,16.5,17.1,0.492,33.1,34.2,15.3,5.3,18.3,9.3,9.6,28,2.6,7.7,88988.5,16.85,9.07,9.4,7.78,4.21,4.42,3.99,Isolation
San Antonio Spurs,2013-14,82,108.2,62,240.9,97.07,330.7,340.7,25.2,26,4.2,4.3,48.8,50.3,31.8,32.8,7.6,9.6,102.2,430.4,443.4,21.2,2.96,2.25,968.4,997.6,0.237,19,19.6,0.558,35.7,36.8,13.7,3.9,16.8,12.8,13.2,35.9,3.8,10.8,93802.3,17.77,9.67,10,8.09,4.43,4.85,4.01,Ball Movement
Toronto Raptors,2013-14,82,105.8,48,243.4,94.42,296.9,314.4,21.2,22.5,2.9,3.1,44.3,46.9,26.4,28,7.1,8.9,112.2,420.7,445.6,21,3,2.25,946.575,1002.5,0.267,5.5,5.8,0.651,38.1,40.4,15,5.4,17.7,13,13.8,33.9,3.9,10.2,88857.2,16.83,9.12,9.7,7.71,4.16,4.38,3.93,Moderate
Utah Jazz,2013-14,82,100.6,25,241.2,93.57,319.5,341.5,20.3,21.7,2.6,2.8,46.8,50,25.3,27,6.4,7.9,103.1,440.7,471,21.6,2.94,2.22,978.354,1045.6,0.234,4,4.3,0.323,33.2,35.5,13.1,4.3,14.8,11.4,12.2,34.3,3.2,9.6,89603.7,16.97,9.33,10,7.64,4.23,4.45,3.99,Moderate
Washington Wizards,2013-14,82,103.3,44,244.6,95.45,315.2,330.2,23.4,24.5,3.2,3.4,48.1,50.4,29.1,30.5,7.4,9.2,107.5,411.8,431.4,21.3,3.1,2.33,959.494,1005.2,0.261,8,8.4,0.59,27.4,28.7,9.8,4.1,11.6,9.7,10.2,35.4,2.8,10.2,89826.6,17.01,8.94,9.4,8.07,4.18,4.44,3.93,Ball Movement
